Model,Train Accuracy,Test Accuracy,Train F1,Test F1,Train Precision,Test Precision,Train Recall,Test Recall,ROC AUC
Decision Tree,0.9982864976010967,0.9315068493150684,0.9984202211690362,0.9376558603491272,0.998104864181933,0.9353233830845771,0.9987357774968394,0.94,0.9303181818181818
SVM,0.8396161754626457,0.8328767123287671,0.841891891891892,0.8351351351351352,0.9042089985486212,0.9088235294117647,0.7876106194690266,0.7725,0.9424583333333334
Random Forest,0.9982864976010967,0.9452054794520548,0.9984222152098454,0.9498746867167919,0.9968494013862634,0.9522613065326633,1.0,0.9475,0.9891742424242425
kNN,0.9513365318711446,0.8863013698630137,0.9554858934169279,0.8958594730238394,0.9477611940298507,0.8992443324937027,0.9633375474083439,0.8925,0.9438219696969697
Naive Bayes,0.8303632625085675,0.8205479452054795,0.8307692307692308,0.8232118758434548,0.9046909903201787,0.8944281524926686,0.7680151706700379,0.7625,0.896496212121212
Logistic Regression,0.8639479095270733,0.8465753424657534,0.8751964790946244,0.8610421836228288,0.8705440900562852,0.854679802955665,0.8798988621997471,0.8675,0.9365492424242423
LDA,0.8550376970527759,0.8273972602739726,0.8589529843281094,0.8342105263157895,0.9089625970359916,0.8805555555555555,0.8141592920353983,0.7925,0.9450643939393939
